file,line,type,commit,author,date,time,timezone,datetime,depth,length
style.css,1,css,d0c38308,Calvin,2026-04-08,15:28:16,-07:00,2026-04-08T15:28:16-07:00,0,4
style.css,2,css,d0c38308,Calvin,2026-04-08,15:28:16,-07:00,2026-04-08T15:28:16-07:00,1,33
style.css,3,css,d0c38308,Calvin,2026-04-08,15:28:16,-07:00,2026-04-08T15:28:16-07:00,1,32
style.css,4,css,5180c164,Calvin,2026-04-15,15:43:06,-07:00,2026-04-15T15:43:06-07:00,1,23
style.css,5,css,d0c38308,Calvin,2026-04-08,15:28:16,-07:00,2026-04-08T15:28:16-07:00,0,0
style.css,6,css,d0c38308,Calvin,2026-04-08,15:28:16,-07:00,2026-04-08T15:28:16-07:00,0,0
style.css,7,css,c7875a86,Calvin,2026-04-02,16:10:44,-07:00,2026-04-02T16:10:44-07:00,0,4
style.css,8,css,c7875a86,Calvin,2026-04-02,16:10:44,-07:00,2026-04-02T16:10:44-07:00,1,43
style.css,9,css,c7875a86,Calvin,2026-04-02,16:10:44,-07:00,2026-04-02T16:10:44-07:00,0,42
style.css,10,css,c7875a86,Calvin,2026-04-02,16:10:44,-07:00,2026-04-02T16:10:44-07:00,0,0
style.css,11,css,c7875a86,Calvin,2026-04-02,16:10:44,-07:00,2026-04-02T16:10:44-07:00,1,23
style.css,12,css,d0c38308,Calvin,2026-04-08,15:28:16,-07:00,2026-04-08T15:28:16-07:00,1,15
style.css,13,css,d0c38308,Calvin,2026-04-08,15:28:16,-07:00,2026-04-08T15:28:16-07:00,1,18
style.css,14,css,d0c38308,Calvin,2026-04-08,15:28:16,-07:00,2026-04-08T15:28:16-07:00,0,0
style.css,15,css,d0c38308,Calvin,2026-04-08,15:28:16,-07:00,2026-04-08T15:28:16-07:00,0,0
style.css,16,css,5180c164,Calvin,2026-04-15,15:43:06,-07:00,2026-04-15T15:43:06-07:00,0,31
style.css,17,css,d0c38308,Calvin,2026-04-08,15:28:16,-07:00,2026-04-08T15:28:16-07:00,1,12
style.css,18,css,d0c38308,Calvin,2026-04-08,15:28:16,-07:00,2026-04-08T15:28:16-07:00,0,0
style.css,19,css,d0c38308,Calvin,2026-04-08,15:28:16,-07:00,2026-04-08T15:28:16-07:00,0,0
style.css,20,css,d0c38308,Calvin,2026-04-08,15:28:16,-07:00,2026-04-08T15:28:16-07:00,0,22
style.css,21,css,d0c38308,Calvin,2026-04-08,15:28:16,-07:00,2026-04-08T15:28:16-07:00,1,15
style.css,22,css,d0c38308,Calvin,2026-04-08,15:28:16,-07:00,2026-04-08T15:28:16-07:00,1,17
style.css,23,css,d0c38308,Calvin,2026-04-08,15:28:16,-07:00,2026-04-08T15:28:16-07:00,0,0
style.css,24,css,d0c38308,Calvin,2026-04-08,15:28:16,-07:00,2026-04-08T15:28:16-07:00,0,0
style.css,25,css,d0c38308,Calvin,2026-04-08,15:28:16,-07:00,2026-04-08T15:28:16-07:00,0,2
style.css,26,css,d0c38308,Calvin,2026-04-08,15:28:16,-07:00,2026-04-08T15:28:16-07:00,1,14
style.css,27,css,d0c38308,Calvin,2026-04-08,15:28:16,-07:00,2026-04-08T15:28:16-07:00,0,0
style.css,28,css,d0c38308,Calvin,2026-04-08,15:28:16,-07:00,2026-04-08T15:28:16-07:00,0,0
style.css,29,css,d0c38308,Calvin,2026-04-08,15:28:16,-07:00,2026-04-08T15:28:16-07:00,0,9
style.css,30,css,d0c38308,Calvin,2026-04-08,15:28:16,-07:00,2026-04-08T15:28:16-07:00,1,12
style.css,31,css,d0c38308,Calvin,2026-04-08,15:28:16,-07:00,2026-04-08T15:28:16-07:00,1,58
style.css,32,css,d0c38308,Calvin,2026-04-08,15:28:16,-07:00,2026-04-08T15:28:16-07:00,1,7
style.css,33,css,d0c38308,Calvin,2026-04-08,15:28:16,-07:00,2026-04-08T15:28:16-07:00,0,0
style.css,34,css,d0c38308,Calvin,2026-04-08,15:28:16,-07:00,2026-04-08T15:28:16-07:00,0,0
style.css,35,css,d0c38308,Calvin,2026-04-08,15:28:16,-07:00,2026-04-08T15:28:16-07:00,0,17
style.css,36,css,d0c38308,Calvin,2026-04-08,15:28:16,-07:00,2026-04-08T15:28:16-07:00,1,12
style.css,37,css,d0c38308,Calvin,2026-04-08,15:28:16,-07:00,2026-04-08T15:28:16-07:00,1,26
style.css,38,css,d0c38308,Calvin,2026-04-08,15:28:16,-07:00,2026-04-08T15:28:16-07:00,1,15
style.css,39,css,d0c38308,Calvin,2026-04-08,15:28:16,-07:00,2026-04-08T15:28:16-07:00,1,7
style.css,40,css,d0c38308,Calvin,2026-04-08,15:28:16,-07:00,2026-04-08T15:28:16-07:00,0,0
style.css,41,css,d0c38308,Calvin,2026-04-08,15:28:16,-07:00,2026-04-08T15:28:16-07:00,0,0
style.css,42,css,d0c38308,Calvin,2026-04-08,15:28:16,-07:00,2026-04-08T15:28:16-07:00,0,20
style.css,43,css,d0c38308,Calvin,2026-04-08,15:28:16,-07:00,2026-04-08T15:28:16-07:00,1,8
style.css,44,css,d0c38308,Calvin,2026-04-08,15:28:16,-07:00,2026-04-08T15:28:16-07:00,0,0
style.css,45,css,d0c38308,Calvin,2026-04-08,15:28:16,-07:00,2026-04-08T15:28:16-07:00,0,0
style.css,46,css,f973a8fc,Calvin,2026-05-01,13:12:44,-07:00,2026-05-01T13:12:44-07:00,0,13
style.css,47,css,f973a8fc,Calvin,2026-05-01,13:12:44,-07:00,2026-05-01T13:12:44-07:00,1,12
style.css,48,css,f973a8fc,Calvin,2026-05-01,13:12:44,-07:00,2026-05-01T13:12:44-07:00,1,21
style.css,49,css,f973a8fc,Calvin,2026-05-01,13:12:44,-07:00,2026-05-01T13:12:44-07:00,0,0
style.css,50,css,f973a8fc,Calvin,2026-05-01,13:12:44,-07:00,2026-05-01T13:12:44-07:00,0,0
style.css,51,css,f973a8fc,Calvin,2026-05-01,13:12:44,-07:00,2026-05-01T13:12:44-07:00,0,13
style.css,52,css,f973a8fc,Calvin,2026-05-01,13:12:44,-07:00,2026-05-01T13:12:44-07:00,1,30
style.css,53,css,f973a8fc,Calvin,2026-05-01,13:12:44,-07:00,2026-05-01T13:12:44-07:00,1,34
style.css,54,css,f973a8fc,Calvin,2026-05-01,13:12:44,-07:00,2026-05-01T13:12:44-07:00,1,21
style.css,55,css,f973a8fc,Calvin,2026-05-01,13:12:44,-07:00,2026-05-01T13:12:44-07:00,1,8
style.css,56,css,f973a8fc,Calvin,2026-05-01,13:12:44,-07:00,2026-05-01T13:12:44-07:00,0,0
style.css,57,css,f973a8fc,Calvin,2026-05-01,13:12:44,-07:00,2026-05-01T13:12:44-07:00,0,0
style.css,58,css,f973a8fc,Calvin,2026-05-01,13:12:44,-07:00,2026-05-01T13:12:44-07:00,0,13
style.css,59,css,f973a8fc,Calvin,2026-05-01,13:12:44,-07:00,2026-05-01T13:12:44-07:00,0,18
style.css,60,css,f973a8fc,Calvin,2026-05-01,13:12:44,-07:00,2026-05-01T13:12:44-07:00,1,14
style.css,61,css,f973a8fc,Calvin,2026-05-01,13:12:44,-07:00,2026-05-01T13:12:44-07:00,1,16
style.css,62,css,f973a8fc,Calvin,2026-05-01,13:12:44,-07:00,2026-05-01T13:12:44-07:00,1,16
style.css,63,css,f973a8fc,Calvin,2026-05-01,13:12:44,-07:00,2026-05-01T13:12:44-07:00,0,0
style.css,64,css,f973a8fc,Calvin,2026-05-01,13:12:44,-07:00,2026-05-01T13:12:44-07:00,0,0
style.css,65,css,f973a8fc,Calvin,2026-05-01,13:12:44,-07:00,2026-05-01T13:12:44-07:00,0,23
style.css,66,css,f973a8fc,Calvin,2026-05-01,13:12:44,-07:00,2026-05-01T13:12:44-07:00,1,14
style.css,67,css,f973a8fc,Calvin,2026-05-01,13:12:44,-07:00,2026-05-01T13:12:44-07:00,1,16
style.css,68,css,f973a8fc,Calvin,2026-05-01,13:12:44,-07:00,2026-05-01T13:12:44-07:00,0,0
style.css,69,css,f973a8fc,Calvin,2026-05-01,13:12:44,-07:00,2026-05-01T13:12:44-07:00,0,0
style.css,70,css,f973a8fc,Calvin,2026-05-01,13:12:44,-07:00,2026-05-01T13:12:44-07:00,0,51
style.css,71,css,f973a8fc,Calvin,2026-05-01,13:12:44,-07:00,2026-05-01T13:12:44-07:00,1,11
style.css,72,css,f973a8fc,Calvin,2026-05-01,13:12:44,-07:00,2026-05-01T13:12:44-07:00,0,0
style.css,73,css,f973a8fc,Calvin,2026-05-01,13:12:44,-07:00,2026-05-01T13:12:44-07:00,0,0
style.css,74,css,f973a8fc,Calvin,2026-05-01,13:12:44,-07:00,2026-05-01T13:12:44-07:00,0,9
style.css,75,css,f973a8fc,Calvin,2026-05-01,13:12:44,-07:00,2026-05-01T13:12:44-07:00,1,35
style.css,76,css,f973a8fc,Calvin,2026-05-01,13:12:44,-07:00,2026-05-01T13:12:44-07:00,0,0
style.css,77,css,f973a8fc,Calvin,2026-05-01,13:12:44,-07:00,2026-05-01T13:12:44-07:00,0,0
style.css,78,css,f973a8fc,Calvin,2026-05-01,13:12:44,-07:00,2026-05-01T13:12:44-07:00,0,18
style.css,79,css,f973a8fc,Calvin,2026-05-01,13:12:44,-07:00,2026-05-01T13:12:44-07:00,1,17
style.css,80,css,f973a8fc,Calvin,2026-05-01,13:12:44,-07:00,2026-05-01T13:12:44-07:00,0,0
style.css,81,css,f973a8fc,Calvin,2026-05-01,13:12:44,-07:00,2026-05-01T13:12:44-07:00,0,0
style.css,82,css,f973a8fc,Calvin,2026-05-01,13:12:44,-07:00,2026-05-01T13:12:44-07:00,0,10
style.css,83,css,f973a8fc,Calvin,2026-05-01,13:12:44,-07:00,2026-05-01T13:12:44-07:00,0,14
style.css,84,css,f973a8fc,Calvin,2026-05-01,13:12:44,-07:00,2026-05-01T13:12:44-07:00,1,12
style.css,85,css,f973a8fc,Calvin,2026-05-01,13:12:44,-07:00,2026-05-01T13:12:44-07:00,1,18
style.css,86,css,f973a8fc,Calvin,2026-05-01,13:12:44,-07:00,2026-05-01T13:12:44-07:00,1,7
style.css,87,css,f973a8fc,Calvin,2026-05-01,13:12:44,-07:00,2026-05-01T13:12:44-07:00,1,14
style.css,88,css,f973a8fc,Calvin,2026-05-01,13:12:44,-07:00,2026-05-01T13:12:44-07:00,0,0
style.css,89,css,f973a8fc,Calvin,2026-05-01,13:12:44,-07:00,2026-05-01T13:12:44-07:00,0,0
style.css,90,css,f973a8fc,Calvin,2026-05-01,13:12:44,-07:00,2026-05-01T13:12:44-07:00,0,7
style.css,91,css,f973a8fc,Calvin,2026-05-01,13:12:44,-07:00,2026-05-01T13:12:44-07:00,1,12
style.css,92,css,f973a8fc,Calvin,2026-05-01,13:12:44,-07:00,2026-05-01T13:12:44-07:00,1,57
style.css,93,css,f973a8fc,Calvin,2026-05-01,13:12:44,-07:00,2026-05-01T13:12:44-07:00,1,9
style.css,94,css,f973a8fc,Calvin,2026-05-01,13:12:44,-07:00,2026-05-01T13:12:44-07:00,1,6
style.css,95,css,f973a8fc,Calvin,2026-05-01,13:12:44,-07:00,2026-05-01T13:12:44-07:00,1,15
style.css,96,css,f973a8fc,Calvin,2026-05-01,13:12:44,-07:00,2026-05-01T13:12:44-07:00,1,14
style.css,97,css,f973a8fc,Calvin,2026-05-01,13:12:44,-07:00,2026-05-01T13:12:44-07:00,1,8
style.css,98,css,f973a8fc,Calvin,2026-05-01,13:12:44,-07:00,2026-05-01T13:12:44-07:00,1,34
style.css,99,css,f973a8fc,Calvin,2026-05-01,13:12:44,-07:00,2026-05-01T13:12:44-07:00,1,19
style.css,100,css,f973a8fc,Calvin,2026-05-01,13:12:44,-07:00,2026-05-01T13:12:44-07:00,0,0
style.css,101,css,f973a8fc,Calvin,2026-05-01,13:12:44,-07:00,2026-05-01T13:12:44-07:00,0,0
style.css,102,css,f973a8fc,Calvin,2026-05-01,13:12:44,-07:00,2026-05-01T13:12:44-07:00,0,12
style.css,103,css,f973a8fc,Calvin,2026-05-01,13:12:44,-07:00,2026-05-01T13:12:44-07:00,1,12
style.css,104,css,f973a8fc,Calvin,2026-05-01,13:12:44,-07:00,2026-05-01T13:12:44-07:00,1,18
style.css,105,css,f973a8fc,Calvin,2026-05-01,13:12:44,-07:00,2026-05-01T13:12:44-07:00,1,9
style.css,106,css,f973a8fc,Calvin,2026-05-01,13:12:44,-07:00,2026-05-01T13:12:44-07:00,0,0
style.css,107,css,f973a8fc,Calvin,2026-05-01,13:12:44,-07:00,2026-05-01T13:12:44-07:00,0,0
style.css,108,css,f973a8fc,Calvin,2026-05-01,13:12:44,-07:00,2026-05-01T13:12:44-07:00,0,7
style.css,109,css,f973a8fc,Calvin,2026-05-01,13:12:44,-07:00,2026-05-01T13:12:44-07:00,1,20
style.css,110,css,f973a8fc,Calvin,2026-05-01,13:12:44,-07:00,2026-05-01T13:12:44-07:00,1,9
style.css,111,css,f973a8fc,Calvin,2026-05-01,13:12:44,-07:00,2026-05-01T13:12:44-07:00,1,18
style.css,112,css,f973a8fc,Calvin,2026-05-01,13:12:44,-07:00,2026-05-01T13:12:44-07:00,1,29
style.css,113,css,f973a8fc,Calvin,2026-05-01,13:12:44,-07:00,2026-05-01T13:12:44-07:00,1,17
style.css,114,css,f973a8fc,Calvin,2026-05-01,13:12:44,-07:00,2026-05-01T13:12:44-07:00,1,13
style.css,115,css,f973a8fc,Calvin,2026-05-01,13:12:44,-07:00,2026-05-01T13:12:44-07:00,0,0
style.css,116,css,f973a8fc,Calvin,2026-05-01,13:12:44,-07:00,2026-05-01T13:12:44-07:00,0,0
style.css,117,css,f973a8fc,Calvin,2026-05-01,13:12:44,-07:00,2026-05-01T13:12:44-07:00,0,14
style.css,118,css,f973a8fc,Calvin,2026-05-01,13:12:44,-07:00,2026-05-01T13:12:44-07:00,0,10
style.css,119,css,f973a8fc,Calvin,2026-05-01,13:12:44,-07:00,2026-05-01T13:12:44-07:00,1,13
style.css,120,css,f973a8fc,Calvin,2026-05-01,13:12:44,-07:00,2026-05-01T13:12:44-07:00,1,10
style.css,121,css,f973a8fc,Calvin,2026-05-01,13:12:44,-07:00,2026-05-01T13:12:44-07:00,1,13
style.css,122,css,f973a8fc,Calvin,2026-05-01,13:12:44,-07:00,2026-05-01T13:12:44-07:00,1,16
style.css,123,css,f973a8fc,Calvin,2026-05-01,13:12:44,-07:00,2026-05-01T13:12:44-07:00,1,21
style.css,124,css,f973a8fc,Calvin,2026-05-01,13:12:44,-07:00,2026-05-01T13:12:44-07:00,1,34
style.css,125,css,f973a8fc,Calvin,2026-05-01,13:12:44,-07:00,2026-05-01T13:12:44-07:00,1,19
style.css,126,css,f973a8fc,Calvin,2026-05-01,13:12:44,-07:00,2026-05-01T13:12:44-07:00,0,0
style.css,127,css,f973a8fc,Calvin,2026-05-01,13:12:44,-07:00,2026-05-01T13:12:44-07:00,0,0
style.css,128,css,d0c38308,Calvin,2026-04-08,15:28:16,-07:00,2026-04-08T15:28:16-07:00,0,4
style.css,129,css,d0c38308,Calvin,2026-04-08,15:28:16,-07:00,2026-04-08T15:28:16-07:00,1,12
style.css,130,css,d0c38308,Calvin,2026-04-08,15:28:16,-07:00,2026-04-08T15:28:16-07:00,1,30
style.css,131,css,d0c38308,Calvin,2026-04-08,15:28:16,-07:00,2026-04-08T15:28:16-07:00,1,7
style.css,132,css,d0c38308,Calvin,2026-04-08,15:28:16,-07:00,2026-04-08T15:28:16-07:00,0,0
style.css,133,css,d0c38308,Calvin,2026-04-08,15:28:16,-07:00,2026-04-08T15:28:16-07:00,0,0
style.css,134,css,d0c38308,Calvin,2026-04-08,15:28:16,-07:00,2026-04-08T15:28:16-07:00,0,10
style.css,135,css,d0c38308,Calvin,2026-04-08,15:28:16,-07:00,2026-04-08T15:28:16-07:00,1,12
style.css,136,css,d0c38308,Calvin,2026-04-08,15:28:16,-07:00,2026-04-08T15:28:16-07:00,1,29
style.css,137,css,d0c38308,Calvin,2026-04-08,15:28:16,-07:00,2026-04-08T15:28:16-07:00,1,18
style.css,138,css,d0c38308,Calvin,2026-04-08,15:28:16,-07:00,2026-04-08T15:28:16-07:00,0,0
style.css,139,css,d0c38308,Calvin,2026-04-08,15:28:16,-07:00,2026-04-08T15:28:16-07:00,0,0
style.css,140,css,d0c38308,Calvin,2026-04-08,15:28:16,-07:00,2026-04-08T15:28:16-07:00,0,11
style.css,141,css,d0c38308,Calvin,2026-04-08,15:28:16,-07:00,2026-04-08T15:28:16-07:00,1,18
style.css,142,css,d0c38308,Calvin,2026-04-08,15:28:16,-07:00,2026-04-08T15:28:16-07:00,0,0
style.css,143,css,d0c38308,Calvin,2026-04-08,15:28:16,-07:00,2026-04-08T15:28:16-07:00,0,0
style.css,144,css,442f273a,Calvin,2026-04-25,14:25:48,-07:00,2026-04-25T14:25:48-07:00,0,24
style.css,145,css,442f273a,Calvin,2026-04-25,14:25:48,-07:00,2026-04-25T14:25:48-07:00,0,17
style.css,146,css,442f273a,Calvin,2026-04-25,14:25:48,-07:00,2026-04-25T14:25:48-07:00,1,12
style.css,147,css,442f273a,Calvin,2026-04-25,14:25:48,-07:00,2026-04-25T14:25:48-07:00,1,36
style.css,148,css,442f273a,Calvin,2026-04-25,14:25:48,-07:00,2026-04-25T14:25:48-07:00,1,13
style.css,149,css,442f273a,Calvin,2026-04-25,14:25:48,-07:00,2026-04-25T14:25:48-07:00,1,17
style.css,150,css,442f273a,Calvin,2026-04-25,14:25:48,-07:00,2026-04-25T14:25:48-07:00,1,16
style.css,151,css,442f273a,Calvin,2026-04-25,14:25:48,-07:00,2026-04-25T14:25:48-07:00,0,0
style.css,152,css,442f273a,Calvin,2026-04-25,14:25:48,-07:00,2026-04-25T14:25:48-07:00,0,0
style.css,153,css,442f273a,Calvin,2026-04-25,14:25:48,-07:00,2026-04-25T14:25:48-07:00,0,17
style.css,154,css,442f273a,Calvin,2026-04-25,14:25:48,-07:00,2026-04-25T14:25:48-07:00,1,10
style.css,155,css,442f273a,Calvin,2026-04-25,14:25:48,-07:00,2026-04-25T14:25:48-07:00,1,16
style.css,156,css,442f273a,Calvin,2026-04-25,14:25:48,-07:00,2026-04-25T14:25:48-07:00,1,21
style.css,157,css,442f273a,Calvin,2026-04-25,14:25:48,-07:00,2026-04-25T14:25:48-07:00,1,24
style.css,158,css,442f273a,Calvin,2026-04-25,14:25:48,-07:00,2026-04-25T14:25:48-07:00,1,21
style.css,159,css,442f273a,Calvin,2026-04-25,14:25:48,-07:00,2026-04-25T14:25:48-07:00,0,0
style.css,160,css,442f273a,Calvin,2026-04-25,14:25:48,-07:00,2026-04-25T14:25:48-07:00,0,0
style.css,161,css,442f273a,Calvin,2026-04-25,14:25:48,-07:00,2026-04-25T14:25:48-07:00,0,17
style.css,162,css,442f273a,Calvin,2026-04-25,14:25:48,-07:00,2026-04-25T14:25:48-07:00,1,10
style.css,163,css,442f273a,Calvin,2026-04-25,14:25:48,-07:00,2026-04-25T14:25:48-07:00,1,8
style.css,164,css,442f273a,Calvin,2026-04-25,14:25:48,-07:00,2026-04-25T14:25:48-07:00,1,15
style.css,165,css,442f273a,Calvin,2026-04-25,14:25:48,-07:00,2026-04-25T14:25:48-07:00,1,16
style.css,166,css,442f273a,Calvin,2026-04-25,14:25:48,-07:00,2026-04-25T14:25:48-07:00,1,25
style.css,167,css,442f273a,Calvin,2026-04-25,14:25:48,-07:00,2026-04-25T14:25:48-07:00,0,0
style.css,168,css,442f273a,Calvin,2026-04-25,14:25:48,-07:00,2026-04-25T14:25:48-07:00,0,0
style.css,169,css,d0c38308,Calvin,2026-04-08,15:28:16,-07:00,2026-04-08T15:28:16-07:00,0,11
style.css,170,css,d0c38308,Calvin,2026-04-08,15:28:16,-07:00,2026-04-08T15:28:16-07:00,0,27
style.css,171,css,d0c38308,Calvin,2026-04-08,15:28:16,-07:00,2026-04-08T15:28:16-07:00,1,16
style.css,172,css,5180c164,Calvin,2026-04-15,15:43:06,-07:00,2026-04-15T15:43:06-07:00,1,45
style.css,173,css,d0c38308,Calvin,2026-04-08,15:28:16,-07:00,2026-04-08T15:28:16-07:00,1,17
style.css,174,css,d0c38308,Calvin,2026-04-08,15:28:16,-07:00,2026-04-08T15:28:16-07:00,0,0
style.css,175,css,d0c38308,Calvin,2026-04-08,15:28:16,-07:00,2026-04-08T15:28:16-07:00,0,0
style.css,176,css,d0c38308,Calvin,2026-04-08,15:28:16,-07:00,2026-04-08T15:28:16-07:00,0,19
style.css,177,css,d0c38308,Calvin,2026-04-08,15:28:16,-07:00,2026-04-08T15:28:16-07:00,1,25
style.css,178,css,d0c38308,Calvin,2026-04-08,15:28:16,-07:00,2026-04-08T15:28:16-07:00,1,19
style.css,179,css,d0c38308,Calvin,2026-04-08,15:28:16,-07:00,2026-04-08T15:28:16-07:00,0,0
style.css,180,css,d0c38308,Calvin,2026-04-08,15:28:16,-07:00,2026-04-08T15:28:16-07:00,0,0
style.css,181,css,d0c38308,Calvin,2026-04-08,15:28:16,-07:00,2026-04-08T15:28:16-07:00,0,22
style.css,182,css,d0c38308,Calvin,2026-04-08,15:28:16,-07:00,2026-04-08T15:28:16-07:00,1,16
style.css,183,css,d0c38308,Calvin,2026-04-08,15:28:16,-07:00,2026-04-08T15:28:16-07:00,0,0
style.css,184,css,d0c38308,Calvin,2026-04-08,15:28:16,-07:00,2026-04-08T15:28:16-07:00,0,0
style.css,185,css,d0c38308,Calvin,2026-04-08,15:28:16,-07:00,2026-04-08T15:28:16-07:00,0,29
style.css,186,css,d0c38308,Calvin,2026-04-08,15:28:16,-07:00,2026-04-08T15:28:16-07:00,1,12
style.css,187,css,d0c38308,Calvin,2026-04-08,15:28:16,-07:00,2026-04-08T15:28:16-07:00,1,29
style.css,188,css,d0c38308,Calvin,2026-04-08,15:28:16,-07:00,2026-04-08T15:28:16-07:00,1,20
style.css,189,css,d0c38308,Calvin,2026-04-08,15:28:16,-07:00,2026-04-08T15:28:16-07:00,0,0
style.css,190,css,d0c38308,Calvin,2026-04-08,15:28:16,-07:00,2026-04-08T15:28:16-07:00,0,0
style.css,191,css,d0c38308,Calvin,2026-04-08,15:28:16,-07:00,2026-04-08T15:28:16-07:00,0,32
style.css,192,css,d0c38308,Calvin,2026-04-08,15:28:16,-07:00,2026-04-08T15:28:16-07:00,1,8
style.css,193,css,d0c38308,Calvin,2026-04-08,15:28:16,-07:00,2026-04-08T15:28:16-07:00,0,0
style.css,194,css,d0c38308,Calvin,2026-04-08,15:28:16,-07:00,2026-04-08T15:28:16-07:00,0,0
style.css,195,css,d0c38308,Calvin,2026-04-08,15:28:16,-07:00,2026-04-08T15:28:16-07:00,0,31
style.css,196,css,d0c38308,Calvin,2026-04-08,15:28:16,-07:00,2026-04-08T15:28:16-07:00,1,8
style.css,197,css,d0c38308,Calvin,2026-04-08,15:28:16,-07:00,2026-04-08T15:28:16-07:00,1,21
style.css,198,css,d0c38308,Calvin,2026-04-08,15:28:16,-07:00,2026-04-08T15:28:16-07:00,1,15
style.css,199,css,d0c38308,Calvin,2026-04-08,15:28:16,-07:00,2026-04-08T15:28:16-07:00,0,0
style.css,200,css,d0c38308,Calvin,2026-04-08,15:28:16,-07:00,2026-04-08T15:28:16-07:00,0,0
style.css,201,css,d0c38308,Calvin,2026-04-08,15:28:16,-07:00,2026-04-08T15:28:16-07:00,0,26
style.css,202,css,d0c38308,Calvin,2026-04-08,15:28:16,-07:00,2026-04-08T15:28:16-07:00,1,21
style.css,203,css,d0c38308,Calvin,2026-04-08,15:28:16,-07:00,2026-04-08T15:28:16-07:00,0,0
style.css,204,css,d0c38308,Calvin,2026-04-08,15:28:16,-07:00,2026-04-08T15:28:16-07:00,0,0
style.css,205,css,d0c38308,Calvin,2026-04-08,15:28:16,-07:00,2026-04-08T15:28:16-07:00,0,3
style.css,206,css,5180c164,Calvin,2026-04-15,15:43:06,-07:00,2026-04-15T15:43:06-07:00,1,39
style.css,207,css,d0c38308,Calvin,2026-04-08,15:28:16,-07:00,2026-04-08T15:28:16-07:00,1,12
style.css,208,css,d0c38308,Calvin,2026-04-08,15:28:16,-07:00,2026-04-08T15:28:16-07:00,1,17
style.css,209,css,5180c164,Calvin,2026-04-15,15:43:06,-07:00,2026-04-15T15:43:06-07:00,1,43
style.css,210,css,d0c38308,Calvin,2026-04-08,15:28:16,-07:00,2026-04-08T15:28:16-07:00,0,0
style.css,211,css,d0c38308,Calvin,2026-04-08,15:28:16,-07:00,2026-04-08T15:28:16-07:00,0,0
style.css,212,css,d0c38308,Calvin,2026-04-08,15:28:16,-07:00,2026-04-08T15:28:16-07:00,0,5
style.css,213,css,d0c38308,Calvin,2026-04-08,15:28:16,-07:00,2026-04-08T15:28:16-07:00,1,6
style.css,214,css,d0c38308,Calvin,2026-04-08,15:28:16,-07:00,2026-04-08T15:28:16-07:00,1,20
style.css,215,css,d0c38308,Calvin,2026-04-08,15:28:16,-07:00,2026-04-08T15:28:16-07:00,1,13
style.css,216,css,d0c38308,Calvin,2026-04-08,15:28:16,-07:00,2026-04-08T15:28:16-07:00,1,17
style.css,217,css,d0c38308,Calvin,2026-04-08,15:28:16,-07:00,2026-04-08T15:28:16-07:00,1,13
style.css,218,css,d0c38308,Calvin,2026-04-08,15:28:16,-07:00,2026-04-08T15:28:16-07:00,0,0
style.css,219,css,d0c38308,Calvin,2026-04-08,15:28:16,-07:00,2026-04-08T15:28:16-07:00,0,0
style.css,220,css,d0c38308,Calvin,2026-04-08,15:28:16,-07:00,2026-04-08T15:28:16-07:00,0,13
style.css,221,css,d0c38308,Calvin,2026-04-08,15:28:16,-07:00,2026-04-08T15:28:16-07:00,1,43
style.css,222,css,d0c38308,Calvin,2026-04-08,15:28:16,-07:00,2026-04-08T15:28:16-07:00,1,20
style.css,223,css,d0c38308,Calvin,2026-04-08,15:28:16,-07:00,2026-04-08T15:28:16-07:00,0,0
style.css,224,css,d0c38308,Calvin,2026-04-08,15:28:16,-07:00,2026-04-08T15:28:16-07:00,0,0
style.css,225,css,d0c38308,Calvin,2026-04-08,15:28:16,-07:00,2026-04-08T15:28:16-07:00,0,11
style.css,226,css,d0c38308,Calvin,2026-04-08,15:28:16,-07:00,2026-04-08T15:28:16-07:00,1,45
style.css,227,css,d0c38308,Calvin,2026-04-08,15:28:16,-07:00,2026-04-08T15:28:16-07:00,1,20
style.css,228,css,5180c164,Calvin,2026-04-15,15:43:06,-07:00,2026-04-15T15:43:06-07:00,1,69
style.css,229,css,5180c164,Calvin,2026-04-15,15:43:06,-07:00,2026-04-15T15:43:06-07:00,0,0
style.css,230,css,5180c164,Calvin,2026-04-15,15:43:06,-07:00,2026-04-15T15:43:06-07:00,0,0
style.css,231,css,5180c164,Calvin,2026-04-15,15:43:06,-07:00,2026-04-15T15:43:06-07:00,0,18
style.css,232,css,5180c164,Calvin,2026-04-15,15:43:06,-07:00,2026-04-15T15:43:06-07:00,1,17
style.css,233,css,5180c164,Calvin,2026-04-15,15:43:06,-07:00,2026-04-15T15:43:06-07:00,1,8
style.css,234,css,5180c164,Calvin,2026-04-15,15:43:06,-07:00,2026-04-15T15:43:06-07:00,1,10
style.css,235,css,5180c164,Calvin,2026-04-15,15:43:06,-07:00,2026-04-15T15:43:06-07:00,1,13
style.css,236,css,5180c164,Calvin,2026-04-15,15:43:06,-07:00,2026-04-15T15:43:06-07:00,1,19
style.css,237,css,5180c164,Calvin,2026-04-15,15:43:06,-07:00,2026-04-15T15:43:06-07:00,0,0
style.css,238,css,5180c164,Calvin,2026-04-15,15:43:06,-07:00,2026-04-15T15:43:06-07:00,0,0
style.css,239,css,5180c164,Calvin,2026-04-15,15:43:06,-07:00,2026-04-15T15:43:06-07:00,0,25
style.css,240,css,5180c164,Calvin,2026-04-15,15:43:06,-07:00,2026-04-15T15:43:06-07:00,1,19
style.css,241,css,c7875a86,Calvin,2026-04-02,16:10:44,-07:00,2026-04-02T16:10:44-07:00,0,0
index.js,1,js,442f273a,Calvin,2026-04-25,14:25:48,-07:00,2026-04-25T14:25:48-07:00,0,71
index.js,2,js,442f273a,Calvin,2026-04-25,14:25:48,-07:00,2026-04-25T14:25:48-07:00,0,0
index.js,3,js,442f273a,Calvin,2026-04-25,14:25:48,-07:00,2026-04-25T14:25:48-07:00,0,54
index.js,4,js,442f273a,Calvin,2026-04-25,14:25:48,-07:00,2026-04-25T14:25:48-07:00,0,42
index.js,5,js,442f273a,Calvin,2026-04-25,14:25:48,-07:00,2026-04-25T14:25:48-07:00,0,0
index.js,6,js,442f273a,Calvin,2026-04-25,14:25:48,-07:00,2026-04-25T14:25:48-07:00,0,60
index.js,7,js,442f273a,Calvin,2026-04-25,14:25:48,-07:00,2026-04-25T14:25:48-07:00,0,54
index.js,8,js,442f273a,Calvin,2026-04-25,14:25:48,-07:00,2026-04-25T14:25:48-07:00,0,0
index.js,9,js,442f273a,Calvin,2026-04-25,14:25:48,-07:00,2026-04-25T14:25:48-07:00,0,51
index.js,10,js,442f273a,Calvin,2026-04-25,14:25:48,-07:00,2026-04-25T14:25:48-07:00,0,0
index.js,11,js,442f273a,Calvin,2026-04-25,14:25:48,-07:00,2026-04-25T14:25:48-07:00,0,60
index.js,12,js,442f273a,Calvin,2026-04-25,14:25:48,-07:00,2026-04-25T14:25:48-07:00,0,17
index.js,13,js,442f273a,Calvin,2026-04-25,14:25:48,-07:00,2026-04-25T14:25:48-07:00,1,24
index.js,14,js,442f273a,Calvin,2026-04-25,14:25:48,-07:00,2026-04-25T14:25:48-07:00,2,2
index.js,15,js,442f273a,Calvin,2026-04-25,14:25:48,-07:00,2026-04-25T14:25:48-07:00,3,54
index.js,16,js,442f273a,Calvin,2026-04-25,14:25:48,-07:00,2026-04-25T14:25:48-07:00,3,54
index.js,17,js,442f273a,Calvin,2026-04-25,14:25:48,-07:00,2026-04-25T14:25:48-07:00,3,48
index.js,18,js,442f273a,Calvin,2026-04-25,14:25:48,-07:00,2026-04-25T14:25:48-07:00,3,48
index.js,19,js,442f273a,Calvin,2026-04-25,14:25:48,-07:00,2026-04-25T14:25:48-07:00,2,3
index.js,20,js,442f273a,Calvin,2026-04-25,14:25:48,-07:00,2026-04-25T14:25:48-07:00,1,0
index.js,21,js,442f273a,Calvin,2026-04-25,14:25:48,-07:00,2026-04-25T14:25:48-07:00,0,0
index.html,1,html,785bd892,Calvin,2026-04-02,15:47:51,-07:00,2026-04-02T15:47:51-07:00,0,13
index.html,2,html,785bd892,Calvin,2026-04-02,15:47:51,-07:00,2026-04-02T15:47:51-07:00,0,14
index.html,3,html,785bd892,Calvin,2026-04-02,15:47:51,-07:00,2026-04-02T15:47:51-07:00,0,4
index.html,4,html,785bd892,Calvin,2026-04-02,15:47:51,-07:00,2026-04-02T15:47:51-07:00,2,20
index.html,5,html,785bd892,Calvin,2026-04-02,15:47:51,-07:00,2026-04-02T15:47:51-07:00,2,68
index.html,6,html,785bd892,Calvin,2026-04-02,15:47:51,-07:00,2026-04-02T15:47:51-07:00,2,53
index.html,7,html,c7875a86,Calvin,2026-04-02,16:10:44,-07:00,2026-04-02T16:10:44-07:00,2,38
index.html,8,html,785bd892,Calvin,2026-04-02,15:47:51,-07:00,2026-04-02T15:47:51-07:00,0,5
index.html,9,html,785bd892,Calvin,2026-04-02,15:47:51,-07:00,2026-04-02T15:47:51-07:00,0,4
index.html,10,html,442f273a,Calvin,2026-04-25,14:25:48,-07:00,2026-04-25T14:25:48-07:00,2,18
index.html,11,html,c7875a86,Calvin,2026-04-02,16:10:44,-07:00,2026-04-02T16:10:44-07:00,2,45
index.html,12,html,c7875a86,Calvin,2026-04-02,16:10:44,-07:00,2026-04-02T16:10:44-07:00,2,49
index.html,13,html,442f273a,Calvin,2026-04-25,14:25:48,-07:00,2026-04-25T14:25:48-07:00,0,0
index.html,14,html,442f273a,Calvin,2026-04-25,14:25:48,-07:00,2026-04-25T14:25:48-07:00,2,22
index.html,15,html,442f273a,Calvin,2026-04-25,14:25:48,-07:00,2026-04-25T14:25:48-07:00,4,26
index.html,16,html,442f273a,Calvin,2026-04-25,14:25:48,-07:00,2026-04-25T14:25:48-07:00,2,4
index.html,17,html,442f273a,Calvin,2026-04-25,14:25:48,-07:00,2026-04-25T14:25:48-07:00,0,0
index.html,18,html,442f273a,Calvin,2026-04-25,14:25:48,-07:00,2026-04-25T14:25:48-07:00,2,22
index.html,19,html,442f273a,Calvin,2026-04-25,14:25:48,-07:00,2026-04-25T14:25:48-07:00,2,26
index.html,20,html,442f273a,Calvin,2026-04-25,14:25:48,-07:00,2026-04-25T14:25:48-07:00,0,0
index.html,21,html,442f273a,Calvin,2026-04-25,14:25:48,-07:00,2026-04-25T14:25:48-07:00,2,45
index.html,22,html,442f273a,Calvin,2026-04-25,14:25:48,-07:00,2026-04-25T14:25:48-07:00,2,44
index.html,23,html,785bd892,Calvin,2026-04-02,15:47:51,-07:00,2026-04-02T15:47:51-07:00,0,5
index.html,24,html,c7875a86,Calvin,2026-04-02,16:10:44,-07:00,2026-04-02T16:10:44-07:00,0,5
global.js,1,js,5180c164,Calvin,2026-04-15,15:43:06,-07:00,2026-04-15T15:43:06-07:00,0,25
global.js,2,js,5180c164,Calvin,2026-04-15,15:43:06,-07:00,2026-04-15T15:43:06-07:00,0,0
global.js,3,js,442f273a,Calvin,2026-04-25,14:25:48,-07:00,2026-04-25T14:25:48-07:00,0,36
global.js,4,js,442f273a,Calvin,2026-04-25,14:25:48,-07:00,2026-04-25T14:25:48-07:00,1,3
global.js,5,js,442f273a,Calvin,2026-04-25,14:25:48,-07:00,2026-04-25T14:25:48-07:00,2,32
global.js,6,js,442f273a,Calvin,2026-04-25,14:25:48,-07:00,2026-04-25T14:25:48-07:00,2,17
global.js,7,js,442f273a,Calvin,2026-04-25,14:25:48,-07:00,2026-04-25T14:25:48-07:00,3,57
global.js,8,js,442f273a,Calvin,2026-04-25,14:25:48,-07:00,2026-04-25T14:25:48-07:00,2,0
global.js,9,js,442f273a,Calvin,2026-04-25,14:25:48,-07:00,2026-04-25T14:25:48-07:00,2,33
global.js,10,js,442f273a,Calvin,2026-04-25,14:25:48,-07:00,2026-04-25T14:25:48-07:00,2,10
global.js,11,js,442f273a,Calvin,2026-04-25,14:25:48,-07:00,2026-04-25T14:25:48-07:00,1,15
global.js,12,js,442f273a,Calvin,2026-04-25,14:25:48,-07:00,2026-04-25T14:25:48-07:00,2,59
global.js,13,js,442f273a,Calvin,2026-04-25,14:25:48,-07:00,2026-04-25T14:25:48-07:00,1,0
global.js,14,js,442f273a,Calvin,2026-04-25,14:25:48,-07:00,2026-04-25T14:25:48-07:00,0,0
global.js,15,js,442f273a,Calvin,2026-04-25,14:25:48,-07:00,2026-04-25T14:25:48-07:00,0,0
global.js,16,js,442f273a,Calvin,2026-04-25,14:25:48,-07:00,2026-04-25T14:25:48-07:00,0,79
global.js,17,js,442f273a,Calvin,2026-04-25,14:25:48,-07:00,2026-04-25T14:25:48-07:00,1,30
global.js,18,js,442f273a,Calvin,2026-04-25,14:25:48,-07:00,2026-04-25T14:25:48-07:00,1,31
global.js,19,js,442f273a,Calvin,2026-04-25,14:25:48,-07:00,2026-04-25T14:25:48-07:00,2,48
global.js,20,js,442f273a,Calvin,2026-04-25,14:25:48,-07:00,2026-04-25T14:25:48-07:00,2,19
global.js,21,js,442f273a,Calvin,2026-04-25,14:25:48,-07:00,2026-04-25T14:25:48-07:00,3,49
global.js,22,js,442f273a,Calvin,2026-04-25,14:25:48,-07:00,2026-04-25T14:25:48-07:00,3,49
global.js,23,js,f973a8fc,Calvin,2026-05-01,13:12:44,-07:00,2026-05-01T13:12:44-07:00,3,24
global.js,24,js,f973a8fc,Calvin,2026-05-01,13:12:44,-07:00,2026-05-01T13:12:44-07:00,4,27
global.js,25,js,f973a8fc,Calvin,2026-05-01,13:12:44,-07:00,2026-05-01T13:12:44-07:00,4,50
global.js,26,js,f973a8fc,Calvin,2026-05-01,13:12:44,-07:00,2026-05-01T13:12:44-07:00,3,4
global.js,27,js,442f273a,Calvin,2026-04-25,14:25:48,-07:00,2026-04-25T14:25:48-07:00,2,0
global.js,28,js,442f273a,Calvin,2026-04-25,14:25:48,-07:00,2026-04-25T14:25:48-07:00,2,36
global.js,29,js,442f273a,Calvin,2026-04-25,14:25:48,-07:00,2026-04-25T14:25:48-07:00,1,0
global.js,30,js,442f273a,Calvin,2026-04-25,14:25:48,-07:00,2026-04-25T14:25:48-07:00,0,0
global.js,31,js,442f273a,Calvin,2026-04-25,14:25:48,-07:00,2026-04-25T14:25:48-07:00,0,0
global.js,32,js,442f273a,Calvin,2026-04-25,14:25:48,-07:00,2026-04-25T14:25:48-07:00,0,47
global.js,33,js,442f273a,Calvin,2026-04-25,14:25:48,-07:00,2026-04-25T14:25:48-07:00,1,59
global.js,34,js,442f273a,Calvin,2026-04-25,14:25:48,-07:00,2026-04-25T14:25:48-07:00,0,0
global.js,35,js,442f273a,Calvin,2026-04-25,14:25:48,-07:00,2026-04-25T14:25:48-07:00,0,0
global.js,36,js,5180c164,Calvin,2026-04-15,15:43:06,-07:00,2026-04-15T15:43:06-07:00,0,41
global.js,37,js,5180c164,Calvin,2026-04-15,15:43:06,-07:00,2026-04-15T15:43:06-07:00,1,52
global.js,38,js,5180c164,Calvin,2026-04-15,15:43:06,-07:00,2026-04-15T15:43:06-07:00,0,0
global.js,39,js,5180c164,Calvin,2026-04-15,15:43:06,-07:00,2026-04-15T15:43:06-07:00,0,0
global.js,40,js,5180c164,Calvin,2026-04-15,15:43:06,-07:00,2026-04-15T15:43:06-07:00,0,55
global.js,41,js,5180c164,Calvin,2026-04-15,15:43:06,-07:00,2026-04-15T15:43:06-07:00,0,0
global.js,42,js,5180c164,Calvin,2026-04-15,15:43:06,-07:00,2026-04-15T15:43:06-07:00,0,11
global.js,43,js,5180c164,Calvin,2026-04-15,15:43:06,-07:00,2026-04-15T15:43:06-07:00,1,25
global.js,44,js,5180c164,Calvin,2026-04-15,15:43:06,-07:00,2026-04-15T15:43:06-07:00,1,38
global.js,45,js,5180c164,Calvin,2026-04-15,15:43:06,-07:00,2026-04-15T15:43:06-07:00,1,36
global.js,46,js,5180c164,Calvin,2026-04-15,15:43:06,-07:00,2026-04-15T15:43:06-07:00,1,26
global.js,47,js,5180c164,Calvin,2026-04-15,15:43:06,-07:00,2026-04-15T15:43:06-07:00,1,54
global.js,48,js,5180c164,Calvin,2026-04-15,15:43:06,-07:00,2026-04-15T15:43:06-07:00,0,0
global.js,49,js,5180c164,Calvin,2026-04-15,15:43:06,-07:00,2026-04-15T15:43:06-07:00,0,0
global.js,50,js,5180c164,Calvin,2026-04-15,15:43:06,-07:00,2026-04-15T15:43:06-07:00,0,38
global.js,51,js,5180c164,Calvin,2026-04-15,15:43:06,-07:00,2026-04-15T15:43:06-07:00,0,25
global.js,52,js,5180c164,Calvin,2026-04-15,15:43:06,-07:00,2026-04-15T15:43:06-07:00,0,0
global.js,53,js,5180c164,Calvin,2026-04-15,15:43:06,-07:00,2026-04-15T15:43:06-07:00,0,20
global.js,54,js,5180c164,Calvin,2026-04-15,15:43:06,-07:00,2026-04-15T15:43:06-07:00,1,14
global.js,55,js,5180c164,Calvin,2026-04-15,15:43:06,-07:00,2026-04-15T15:43:06-07:00,1,18
global.js,56,js,5180c164,Calvin,2026-04-15,15:43:06,-07:00,2026-04-15T15:43:06-07:00,0,0
global.js,57,js,5180c164,Calvin,2026-04-15,15:43:06,-07:00,2026-04-15T15:43:06-07:00,1,28
global.js,58,js,5180c164,Calvin,2026-04-15,15:43:06,-07:00,2026-04-15T15:43:06-07:00,2,20
global.js,59,js,5180c164,Calvin,2026-04-15,15:43:06,-07:00,2026-04-15T15:43:06-07:00,1,0
global.js,60,js,5180c164,Calvin,2026-04-15,15:43:06,-07:00,2026-04-15T15:43:06-07:00,0,0
global.js,61,js,5180c164,Calvin,2026-04-15,15:43:06,-07:00,2026-04-15T15:43:06-07:00,1,34
global.js,62,js,5180c164,Calvin,2026-04-15,15:43:06,-07:00,2026-04-15T15:43:06-07:00,1,11
global.js,63,js,5180c164,Calvin,2026-04-15,15:43:06,-07:00,2026-04-15T15:43:06-07:00,1,20
global.js,64,js,5180c164,Calvin,2026-04-15,15:43:06,-07:00,2026-04-15T15:43:06-07:00,0,0
global.js,65,js,5180c164,Calvin,2026-04-15,15:43:06,-07:00,2026-04-15T15:43:06-07:00,1,17
global.js,66,js,5180c164,Calvin,2026-04-15,15:43:06,-07:00,2026-04-15T15:43:06-07:00,2,8
global.js,67,js,5180c164,Calvin,2026-04-15,15:43:06,-07:00,2026-04-15T15:43:06-07:00,2,59
global.js,68,js,5180c164,Calvin,2026-04-15,15:43:06,-07:00,2026-04-15T15:43:06-07:00,1,0
global.js,69,js,5180c164,Calvin,2026-04-15,15:43:06,-07:00,2026-04-15T15:43:06-07:00,0,0
global.js,70,js,5180c164,Calvin,2026-04-15,15:43:06,-07:00,2026-04-15T15:43:06-07:00,1,29
global.js,71,js,5180c164,Calvin,2026-04-15,15:43:06,-07:00,2026-04-15T15:43:06-07:00,2,18
global.js,72,js,5180c164,Calvin,2026-04-15,15:43:06,-07:00,2026-04-15T15:43:06-07:00,1,0
global.js,73,js,5180c164,Calvin,2026-04-15,15:43:06,-07:00,2026-04-15T15:43:06-07:00,0,0
global.js,74,js,5180c164,Calvin,2026-04-15,15:43:06,-07:00,2026-04-15T15:43:06-07:00,1,12
global.js,75,js,5180c164,Calvin,2026-04-15,15:43:06,-07:00,2026-04-15T15:43:06-07:00,0,0
global.js,76,js,5180c164,Calvin,2026-04-15,15:43:06,-07:00,2026-04-15T15:43:06-07:00,0,0
global.js,77,js,5180c164,Calvin,2026-04-15,15:43:06,-07:00,2026-04-15T15:43:06-07:00,0,19
global.js,78,js,5180c164,Calvin,2026-04-15,15:43:06,-07:00,2026-04-15T15:43:06-07:00,0,31
global.js,79,js,5180c164,Calvin,2026-04-15,15:43:06,-07:00,2026-04-15T15:43:06-07:00,1,11
global.js,80,js,5180c164,Calvin,2026-04-15,15:43:06,-07:00,2026-04-15T15:43:06-07:00,1,27
global.js,81,js,5180c164,Calvin,2026-04-15,15:43:06,-07:00,2026-04-15T15:43:06-07:00,2,4
global.js,82,js,5180c164,Calvin,2026-04-15,15:43:06,-07:00,2026-04-15T15:43:06-07:00,2,6
global.js,83,js,5180c164,Calvin,2026-04-15,15:43:06,-07:00,2026-04-15T15:43:06-07:00,3,43
global.js,84,js,5180c164,Calvin,2026-04-15,15:43:06,-07:00,2026-04-15T15:43:06-07:00,3,34
global.js,85,js,5180c164,Calvin,2026-04-15,15:43:06,-07:00,2026-04-15T15:43:06-07:00,3,32
global.js,86,js,5180c164,Calvin,2026-04-15,15:43:06,-07:00,2026-04-15T15:43:06-07:00,2,7
global.js,87,js,5180c164,Calvin,2026-04-15,15:43:06,-07:00,2026-04-15T15:43:06-07:00,1,8
global.js,88,js,5180c164,Calvin,2026-04-15,15:43:06,-07:00,2026-04-15T15:43:06-07:00,0,0
global.js,89,js,5180c164,Calvin,2026-04-15,15:43:06,-07:00,2026-04-15T15:43:06-07:00,0,0
global.js,90,js,5180c164,Calvin,2026-04-15,15:43:06,-07:00,2026-04-15T15:43:06-07:00,0,63
global.js,91,js,5180c164,Calvin,2026-04-15,15:43:06,-07:00,2026-04-15T15:43:06-07:00,0,0
global.js,92,js,5180c164,Calvin,2026-04-15,15:43:06,-07:00,2026-04-15T15:43:06-07:00,0,36
global.js,93,js,5180c164,Calvin,2026-04-15,15:43:06,-07:00,2026-04-15T15:43:06-07:00,1,70
global.js,94,js,5180c164,Calvin,2026-04-15,15:43:06,-07:00,2026-04-15T15:43:06-07:00,1,25
global.js,95,js,5180c164,Calvin,2026-04-15,15:43:06,-07:00,2026-04-15T15:43:06-07:00,0,0
global.js,96,js,5180c164,Calvin,2026-04-15,15:43:06,-07:00,2026-04-15T15:43:06-07:00,0,0
global.js,97,js,5180c164,Calvin,2026-04-15,15:43:06,-07:00,2026-04-15T15:43:06-07:00,0,34
global.js,98,js,5180c164,Calvin,2026-04-15,15:43:06,-07:00,2026-04-15T15:43:06-07:00,1,39
global.js,99,js,5180c164,Calvin,2026-04-15,15:43:06,-07:00,2026-04-15T15:43:06-07:00,0,0
global.js,100,js,5180c164,Calvin,2026-04-15,15:43:06,-07:00,2026-04-15T15:43:06-07:00,0,0
global.js,101,js,5180c164,Calvin,2026-04-15,15:43:06,-07:00,2026-04-15T15:43:06-07:00,0,49
global.js,102,js,5180c164,Calvin,2026-04-15,15:43:06,-07:00,2026-04-15T15:43:06-07:00,1,44
global.js,103,js,5180c164,Calvin,2026-04-15,15:43:06,-07:00,2026-04-15T15:43:06-07:00,1,33
global.js,104,js,5180c164,Calvin,2026-04-15,15:43:06,-07:00,2026-04-15T15:43:06-07:00,0,1
global.js,105,js,5180c164,Calvin,2026-04-15,15:43:06,-07:00,2026-04-15T15:43:06-07:00,0,0
global.js,106,js,5180c164,Calvin,2026-04-15,15:43:06,-07:00,2026-04-15T15:43:06-07:00,0,20
global.js,107,js,5180c164,Calvin,2026-04-15,15:43:06,-07:00,2026-04-15T15:43:06-07:00,0,40
global.js,108,js,5180c164,Calvin,2026-04-15,15:43:06,-07:00,2026-04-15T15:43:06-07:00,0,0
global.js,109,js,5180c164,Calvin,2026-04-15,15:43:06,-07:00,2026-04-15T15:43:06-07:00,0,49
global.js,110,js,5180c164,Calvin,2026-04-15,15:43:06,-07:00,2026-04-15T15:43:06-07:00,1,21
global.js,111,js,5180c164,Calvin,2026-04-15,15:43:06,-07:00,2026-04-15T15:43:06-07:00,0,0
global.js,112,js,5180c164,Calvin,2026-04-15,15:43:06,-07:00,2026-04-15T15:43:06-07:00,1,28
global.js,113,js,5180c164,Calvin,2026-04-15,15:43:06,-07:00,2026-04-15T15:43:06-07:00,1,26
global.js,114,js,5180c164,Calvin,2026-04-15,15:43:06,-07:00,2026-04-15T15:43:06-07:00,1,14
global.js,115,js,5180c164,Calvin,2026-04-15,15:43:06,-07:00,2026-04-15T15:43:06-07:00,0,0
global.js,116,js,5180c164,Calvin,2026-04-15,15:43:06,-07:00,2026-04-15T15:43:06-07:00,1,31
global.js,117,js,5180c164,Calvin,2026-04-15,15:43:06,-07:00,2026-04-15T15:43:06-07:00,2,50
global.js,118,js,5180c164,Calvin,2026-04-15,15:43:06,-07:00,2026-04-15T15:43:06-07:00,1,0
global.js,119,js,5180c164,Calvin,2026-04-15,15:43:06,-07:00,2026-04-15T15:43:06-07:00,0,0
global.js,120,js,5180c164,Calvin,2026-04-15,15:43:06,-07:00,2026-04-15T15:43:06-07:00,1,22
global.js,121,js,5180c164,Calvin,2026-04-15,15:43:06,-07:00,2026-04-15T15:43:06-07:00,1,18
global.js,122,js,5180c164,Calvin,2026-04-15,15:43:06,-07:00,2026-04-15T15:43:06-07:00,0,1
projects/projects.js,1,js,f973a8fc,Calvin,2026-05-01,13:12:44,-07:00,2026-05-01T13:12:44-07:00,0,63
projects/projects.js,2,js,442f273a,Calvin,2026-04-25,14:25:48,-07:00,2026-04-25T14:25:48-07:00,0,55
projects/projects.js,3,js,442f273a,Calvin,2026-04-25,14:25:48,-07:00,2026-04-25T14:25:48-07:00,0,0
projects/projects.js,4,js,442f273a,Calvin,2026-04-25,14:25:48,-07:00,2026-04-25T14:25:48-07:00,0,55
projects/projects.js,5,js,442f273a,Calvin,2026-04-25,14:25:48,-07:00,2026-04-25T14:25:48-07:00,0,60
projects/projects.js,6,js,442f273a,Calvin,2026-04-25,14:25:48,-07:00,2026-04-25T14:25:48-07:00,0,0
projects/projects.js,7,js,442f273a,Calvin,2026-04-25,14:25:48,-07:00,2026-04-25T14:25:48-07:00,0,56
projects/projects.js,8,js,442f273a,Calvin,2026-04-25,14:25:48,-07:00,2026-04-25T14:25:48-07:00,0,12
projects/projects.js,9,js,442f273a,Calvin,2026-04-25,14:25:48,-07:00,2026-04-25T14:25:48-07:00,1,52
projects/projects.js,10,js,442f273a,Calvin,2026-04-25,14:25:48,-07:00,2026-04-25T14:25:48-07:00,0,0
projects/projects.js,11,js,f973a8fc,Calvin,2026-05-01,13:12:44,-07:00,2026-05-01T13:12:44-07:00,0,0
projects/projects.js,12,js,f973a8fc,Calvin,2026-05-01,13:12:44,-07:00,2026-05-01T13:12:44-07:00,0,21
projects/projects.js,13,js,f973a8fc,Calvin,2026-05-01,13:12:44,-07:00,2026-05-01T13:12:44-07:00,0,0
projects/projects.js,14,js,f973a8fc,Calvin,2026-05-01,13:12:44,-07:00,2026-05-01T13:12:44-07:00,0,59
projects/projects.js,15,js,f973a8fc,Calvin,2026-05-01,13:12:44,-07:00,2026-05-01T13:12:44-07:00,0,49
projects/projects.js,16,js,f973a8fc,Calvin,2026-05-01,13:12:44,-07:00,2026-05-01T13:12:44-07:00,0,0
projects/projects.js,17,js,f973a8fc,Calvin,2026-05-01,13:12:44,-07:00,2026-05-01T13:12:44-07:00,0,38
projects/projects.js,18,js,f973a8fc,Calvin,2026-05-01,13:12:44,-07:00,2026-05-01T13:12:44-07:00,1,42
projects/projects.js,19,js,f973a8fc,Calvin,2026-05-01,13:12:44,-07:00,2026-05-01T13:12:44-07:00,1,29
projects/projects.js,20,js,f973a8fc,Calvin,2026-05-01,13:12:44,-07:00,2026-05-01T13:12:44-07:00,0,0
projects/projects.js,21,js,f973a8fc,Calvin,2026-05-01,13:12:44,-07:00,2026-05-01T13:12:44-07:00,1,34
projects/projects.js,22,js,f973a8fc,Calvin,2026-05-01,13:12:44,-07:00,2026-05-01T13:12:44-07:00,1,30
projects/projects.js,23,js,f973a8fc,Calvin,2026-05-01,13:12:44,-07:00,2026-05-01T13:12:44-07:00,0,0
projects/projects.js,24,js,f973a8fc,Calvin,2026-05-01,13:12:44,-07:00,2026-05-01T13:12:44-07:00,1,28
projects/projects.js,25,js,f973a8fc,Calvin,2026-05-01,13:12:44,-07:00,2026-05-01T13:12:44-07:00,2,12
projects/projects.js,26,js,f973a8fc,Calvin,2026-05-01,13:12:44,-07:00,2026-05-01T13:12:44-07:00,2,14
projects/projects.js,27,js,f973a8fc,Calvin,2026-05-01,13:12:44,-07:00,2026-05-01T13:12:44-07:00,2,12
projects/projects.js,28,js,f973a8fc,Calvin,2026-05-01,13:12:44,-07:00,2026-05-01T13:12:44-07:00,1,0
projects/projects.js,29,js,f973a8fc,Calvin,2026-05-01,13:12:44,-07:00,2026-05-01T13:12:44-07:00,0,0
projects/projects.js,30,js,f973a8fc,Calvin,2026-05-01,13:12:44,-07:00,2026-05-01T13:12:44-07:00,1,47
projects/projects.js,31,js,f973a8fc,Calvin,2026-05-01,13:12:44,-07:00,2026-05-01T13:12:44-07:00,2,11
projects/projects.js,32,js,f973a8fc,Calvin,2026-05-01,13:12:44,-07:00,2026-05-01T13:12:44-07:00,2,10
projects/projects.js,33,js,f973a8fc,Calvin,2026-05-01,13:12:44,-07:00,2026-05-01T13:12:44-07:00,1,2
projects/projects.js,34,js,f973a8fc,Calvin,2026-05-01,13:12:44,-07:00,2026-05-01T13:12:44-07:00,0,0
projects/projects.js,35,js,f973a8fc,Calvin,2026-05-01,13:12:44,-07:00,2026-05-01T13:12:44-07:00,1,52
projects/projects.js,36,js,f973a8fc,Calvin,2026-05-01,13:12:44,-07:00,2026-05-01T13:12:44-07:00,1,35
projects/projects.js,37,js,f973a8fc,Calvin,2026-05-01,13:12:44,-07:00,2026-05-01T13:12:44-07:00,1,47
projects/projects.js,38,js,f973a8fc,Calvin,2026-05-01,13:12:44,-07:00,2026-05-01T13:12:44-07:00,0,0
projects/projects.js,39,js,f973a8fc,Calvin,2026-05-01,13:12:44,-07:00,2026-05-01T13:12:44-07:00,1,24
projects/projects.js,40,js,f973a8fc,Calvin,2026-05-01,13:12:44,-07:00,2026-05-01T13:12:44-07:00,2,1
projects/projects.js,41,js,f973a8fc,Calvin,2026-05-01,13:12:44,-07:00,2026-05-01T13:12:44-07:00,3,13
projects/projects.js,42,js,f973a8fc,Calvin,2026-05-01,13:12:44,-07:00,2026-05-01T13:12:44-07:00,3,13
projects/projects.js,43,js,f973a8fc,Calvin,2026-05-01,13:12:44,-07:00,2026-05-01T13:12:44-07:00,3,22
projects/projects.js,44,js,f973a8fc,Calvin,2026-05-01,13:12:44,-07:00,2026-05-01T13:12:44-07:00,3,51
projects/projects.js,45,js,f973a8fc,Calvin,2026-05-01,13:12:44,-07:00,2026-05-01T13:12:44-07:00,3,18
projects/projects.js,46,js,f973a8fc,Calvin,2026-05-01,13:12:44,-07:00,2026-05-01T13:12:44-07:00,4,43
projects/projects.js,47,js,f973a8fc,Calvin,2026-05-01,13:12:44,-07:00,2026-05-01T13:12:44-07:00,0,0
projects/projects.js,48,js,f973a8fc,Calvin,2026-05-01,13:12:44,-07:00,2026-05-01T13:12:44-07:00,4,1
projects/projects.js,49,js,f973a8fc,Calvin,2026-05-01,13:12:44,-07:00,2026-05-01T13:12:44-07:00,5,16
projects/projects.js,50,js,f973a8fc,Calvin,2026-05-01,13:12:44,-07:00,2026-05-01T13:12:44-07:00,5,68
projects/projects.js,51,js,f973a8fc,Calvin,2026-05-01,13:12:44,-07:00,2026-05-01T13:12:44-07:00,0,0
projects/projects.js,52,js,f973a8fc,Calvin,2026-05-01,13:12:44,-07:00,2026-05-01T13:12:44-07:00,4,4
projects/projects.js,53,js,f973a8fc,Calvin,2026-05-01,13:12:44,-07:00,2026-05-01T13:12:44-07:00,5,14
projects/projects.js,54,js,f973a8fc,Calvin,2026-05-01,13:12:44,-07:00,2026-05-01T13:12:44-07:00,5,24
projects/projects.js,55,js,f973a8fc,Calvin,2026-05-01,13:12:44,-07:00,2026-05-01T13:12:44-07:00,6,61
projects/projects.js,56,js,f973a8fc,Calvin,2026-05-01,13:12:44,-07:00,2026-05-01T13:12:44-07:00,5,0
projects/projects.js,57,js,f973a8fc,Calvin,2026-05-01,13:12:44,-07:00,2026-05-01T13:12:44-07:00,0,0
projects/projects.js,58,js,f973a8fc,Calvin,2026-05-01,13:12:44,-07:00,2026-05-01T13:12:44-07:00,4,25
projects/projects.js,59,js,f973a8fc,Calvin,2026-05-01,13:12:44,-07:00,2026-05-01T13:12:44-07:00,5,53
projects/projects.js,60,js,f973a8fc,Calvin,2026-05-01,13:12:44,-07:00,2026-05-01T13:12:44-07:00,4,6
projects/projects.js,61,js,f973a8fc,Calvin,2026-05-01,13:12:44,-07:00,2026-05-01T13:12:44-07:00,5,36
projects/projects.js,62,js,f973a8fc,Calvin,2026-05-01,13:12:44,-07:00,2026-05-01T13:12:44-07:00,6,42
projects/projects.js,63,js,f973a8fc,Calvin,2026-05-01,13:12:44,-07:00,2026-05-01T13:12:44-07:00,5,0
projects/projects.js,64,js,f973a8fc,Calvin,2026-05-01,13:12:44,-07:00,2026-05-01T13:12:44-07:00,5,48
projects/projects.js,65,js,f973a8fc,Calvin,2026-05-01,13:12:44,-07:00,2026-05-01T13:12:44-07:00,4,0
projects/projects.js,66,js,f973a8fc,Calvin,2026-05-01,13:12:44,-07:00,2026-05-01T13:12:44-07:00,3,1
projects/projects.js,67,js,f973a8fc,Calvin,2026-05-01,13:12:44,-07:00,2026-05-01T13:12:44-07:00,1,1
projects/projects.js,68,js,f973a8fc,Calvin,2026-05-01,13:12:44,-07:00,2026-05-01T13:12:44-07:00,0,0
projects/projects.js,69,js,f973a8fc,Calvin,2026-05-01,13:12:44,-07:00,2026-05-01T13:12:44-07:00,1,24
projects/projects.js,70,js,f973a8fc,Calvin,2026-05-01,13:12:44,-07:00,2026-05-01T13:12:44-07:00,2,4
projects/projects.js,71,js,f973a8fc,Calvin,2026-05-01,13:12:44,-07:00,2026-05-01T13:12:44-07:00,3,11
projects/projects.js,72,js,f973a8fc,Calvin,2026-05-01,13:12:44,-07:00,2026-05-01T13:12:44-07:00,3,38
projects/projects.js,73,js,f973a8fc,Calvin,2026-05-01,13:12:44,-07:00,2026-05-01T13:12:44-07:00,3,70
projects/projects.js,74,js,f973a8fc,Calvin,2026-05-01,13:12:44,-07:00,2026-05-01T13:12:44-07:00,3,69
projects/projects.js,75,js,f973a8fc,Calvin,2026-05-01,13:12:44,-07:00,2026-05-01T13:12:44-07:00,1,1
projects/projects.js,76,js,f973a8fc,Calvin,2026-05-01,13:12:44,-07:00,2026-05-01T13:12:44-07:00,0,0
projects/projects.js,77,js,f973a8fc,Calvin,2026-05-01,13:12:44,-07:00,2026-05-01T13:12:44-07:00,0,0
projects/projects.js,78,js,f973a8fc,Calvin,2026-05-01,13:12:44,-07:00,2026-05-01T13:12:44-07:00,0,23
projects/projects.js,79,js,f973a8fc,Calvin,2026-05-01,13:12:44,-07:00,2026-05-01T13:12:44-07:00,0,48
projects/projects.js,80,js,f973a8fc,Calvin,2026-05-01,13:12:44,-07:00,2026-05-01T13:12:44-07:00,0,0
projects/projects.js,81,js,f973a8fc,Calvin,2026-05-01,13:12:44,-07:00,2026-05-01T13:12:44-07:00,0,55
projects/projects.js,82,js,f973a8fc,Calvin,2026-05-01,13:12:44,-07:00,2026-05-01T13:12:44-07:00,0,48
projects/projects.js,83,js,f973a8fc,Calvin,2026-05-01,13:12:44,-07:00,2026-05-01T13:12:44-07:00,1,17
projects/projects.js,84,js,f973a8fc,Calvin,2026-05-01,13:12:44,-07:00,2026-05-01T13:12:44-07:00,1,45
projects/projects.js,85,js,f973a8fc,Calvin,2026-05-01,13:12:44,-07:00,2026-05-01T13:12:44-07:00,0,0
projects/projects.js,86,js,f973a8fc,Calvin,2026-05-01,13:12:44,-07:00,2026-05-01T13:12:44-07:00,1,53
projects/projects.js,87,js,f973a8fc,Calvin,2026-05-01,13:12:44,-07:00,2026-05-01T13:12:44-07:00,2,61
projects/projects.js,88,js,f973a8fc,Calvin,2026-05-01,13:12:44,-07:00,2026-05-01T13:12:44-07:00,2,28
projects/projects.js,89,js,f973a8fc,Calvin,2026-05-01,13:12:44,-07:00,2026-05-01T13:12:44-07:00,1,1
projects/projects.js,90,js,f973a8fc,Calvin,2026-05-01,13:12:44,-07:00,2026-05-01T13:12:44-07:00,0,0
projects/projects.js,91,js,f973a8fc,Calvin,2026-05-01,13:12:44,-07:00,2026-05-01T13:12:44-07:00,1,56
projects/projects.js,92,js,f973a8fc,Calvin,2026-05-01,13:12:44,-07:00,2026-05-01T13:12:44-07:00,1,31
projects/projects.js,93,js,f973a8fc,Calvin,2026-05-01,13:12:44,-07:00,2026-05-01T13:12:44-07:00,0,1
projects/index.html,1,html,c7875a86,Calvin,2026-04-02,16:10:44,-07:00,2026-04-02T16:10:44-07:00,0,13
projects/index.html,2,html,c7875a86,Calvin,2026-04-02,16:10:44,-07:00,2026-04-02T16:10:44-07:00,0,14
projects/index.html,3,html,c7875a86,Calvin,2026-04-02,16:10:44,-07:00,2026-04-02T16:10:44-07:00,0,4
projects/index.html,4,html,c7875a86,Calvin,2026-04-02,16:10:44,-07:00,2026-04-02T16:10:44-07:00,2,20
projects/index.html,5,html,c7875a86,Calvin,2026-04-02,16:10:44,-07:00,2026-04-02T16:10:44-07:00,2,68
projects/index.html,6,html,c7875a86,Calvin,2026-04-02,16:10:44,-07:00,2026-04-02T16:10:44-07:00,2,64
projects/index.html,7,html,c7875a86,Calvin,2026-04-02,16:10:44,-07:00,2026-04-02T16:10:44-07:00,2,41
projects/index.html,8,html,c7875a86,Calvin,2026-04-02,16:10:44,-07:00,2026-04-02T16:10:44-07:00,0,5
projects/index.html,9,html,c7875a86,Calvin,2026-04-02,16:10:44,-07:00,2026-04-02T16:10:44-07:00,0,4
projects/index.html,10,html,442f273a,Calvin,2026-04-25,14:25:48,-07:00,2026-04-25T14:25:48-07:00,2,38
projects/index.html,11,html,f973a8fc,Calvin,2026-05-01,13:12:44,-07:00,2026-05-01T13:12:44-07:00,2,25
projects/index.html,12,html,f973a8fc,Calvin,2026-05-01,13:12:44,-07:00,2026-05-01T13:12:44-07:00,4,58
projects/index.html,13,html,f973a8fc,Calvin,2026-05-01,13:12:44,-07:00,2026-05-01T13:12:44-07:00,4,22
projects/index.html,14,html,f973a8fc,Calvin,2026-05-01,13:12:44,-07:00,2026-05-01T13:12:44-07:00,2,4
projects/index.html,15,html,f973a8fc,Calvin,2026-05-01,13:12:44,-07:00,2026-05-01T13:12:44-07:00,2,102
projects/index.html,16,html,442f273a,Calvin,2026-04-25,14:25:48,-07:00,2026-04-25T14:25:48-07:00,2,26
projects/index.html,17,html,442f273a,Calvin,2026-04-25,14:25:48,-07:00,2026-04-25T14:25:48-07:00,2,48
projects/index.html,18,html,442f273a,Calvin,2026-04-25,14:25:48,-07:00,2026-04-25T14:25:48-07:00,2,47
projects/index.html,19,html,c7875a86,Calvin,2026-04-02,16:10:44,-07:00,2026-04-02T16:10:44-07:00,0,5
projects/index.html,20,html,c7875a86,Calvin,2026-04-02,16:10:44,-07:00,2026-04-02T16:10:44-07:00,0,5
cv/index.html,1,html,c7875a86,Calvin,2026-04-02,16:10:44,-07:00,2026-04-02T16:10:44-07:00,0,13
cv/index.html,2,html,c7875a86,Calvin,2026-04-02,16:10:44,-07:00,2026-04-02T16:10:44-07:00,0,14
cv/index.html,3,html,c7875a86,Calvin,2026-04-02,16:10:44,-07:00,2026-04-02T16:10:44-07:00,0,4
cv/index.html,4,html,c7875a86,Calvin,2026-04-02,16:10:44,-07:00,2026-04-02T16:10:44-07:00,2,20
cv/index.html,5,html,c7875a86,Calvin,2026-04-02,16:10:44,-07:00,2026-04-02T16:10:44-07:00,2,68
cv/index.html,6,html,c7875a86,Calvin,2026-04-02,16:10:44,-07:00,2026-04-02T16:10:44-07:00,2,58
cv/index.html,7,html,c7875a86,Calvin,2026-04-02,16:10:44,-07:00,2026-04-02T16:10:44-07:00,2,41
cv/index.html,8,html,5180c164,Calvin,2026-04-15,15:43:06,-07:00,2026-04-15T15:43:06-07:00,2,48
cv/index.html,9,html,c7875a86,Calvin,2026-04-02,16:10:44,-07:00,2026-04-02T16:10:44-07:00,0,5
cv/index.html,10,html,c7875a86,Calvin,2026-04-02,16:10:44,-07:00,2026-04-02T16:10:44-07:00,0,4
cv/index.html,11,html,5180c164,Calvin,2026-04-15,15:43:06,-07:00,2026-04-15T15:43:06-07:00,0,23
cv/index.html,12,html,c7875a86,Calvin,2026-04-02,16:10:44,-07:00,2026-04-02T16:10:44-07:00,0,0
cv/index.html,13,html,c7875a86,Calvin,2026-04-02,16:10:44,-07:00,2026-04-02T16:10:44-07:00,2,7
cv/index.html,14,html,c7875a86,Calvin,2026-04-02,16:10:44,-07:00,2026-04-02T16:10:44-07:00,4,16
cv/index.html,15,html,c7875a86,Calvin,2026-04-02,16:10:44,-07:00,2026-04-02T16:10:44-07:00,4,7
cv/index.html,16,html,c7875a86,Calvin,2026-04-02,16:10:44,-07:00,2026-04-02T16:10:44-07:00,6,6
cv/index.html,17,html,c7875a86,Calvin,2026-04-02,16:10:44,-07:00,2026-04-02T16:10:44-07:00,8,42
cv/index.html,18,html,c7875a86,Calvin,2026-04-02,16:10:44,-07:00,2026-04-02T16:10:44-07:00,8,95
cv/index.html,19,html,c7875a86,Calvin,2026-04-02,16:10:44,-07:00,2026-04-02T16:10:44-07:00,6,7
cv/index.html,20,html,c7875a86,Calvin,2026-04-02,16:10:44,-07:00,2026-04-02T16:10:44-07:00,6,25
cv/index.html,21,html,c7875a86,Calvin,2026-04-02,16:10:44,-07:00,2026-04-02T16:10:44-07:00,4,8
cv/index.html,22,html,c7875a86,Calvin,2026-04-02,16:10:44,-07:00,2026-04-02T16:10:44-07:00,2,8
cv/index.html,23,html,c7875a86,Calvin,2026-04-02,16:10:44,-07:00,2026-04-02T16:10:44-07:00,0,0
cv/index.html,24,html,c7875a86,Calvin,2026-04-02,16:10:44,-07:00,2026-04-02T16:10:44-07:00,2,7
cv/index.html,25,html,c7875a86,Calvin,2026-04-02,16:10:44,-07:00,2026-04-02T16:10:44-07:00,4,17
cv/index.html,26,html,c7875a86,Calvin,2026-04-02,16:10:44,-07:00,2026-04-02T16:10:44-07:00,4,7
cv/index.html,27,html,c7875a86,Calvin,2026-04-02,16:10:44,-07:00,2026-04-02T16:10:44-07:00,6,6
cv/index.html,28,html,c7875a86,Calvin,2026-04-02,16:10:44,-07:00,2026-04-02T16:10:44-07:00,8,22
cv/index.html,29,html,c7875a86,Calvin,2026-04-02,16:10:44,-07:00,2026-04-02T16:10:44-07:00,8,95
cv/index.html,30,html,c7875a86,Calvin,2026-04-02,16:10:44,-07:00,2026-04-02T16:10:44-07:00,6,7
cv/index.html,31,html,c7875a86,Calvin,2026-04-02,16:10:44,-07:00,2026-04-02T16:10:44-07:00,6,48
cv/index.html,32,html,c7875a86,Calvin,2026-04-02,16:10:44,-07:00,2026-04-02T16:10:44-07:00,4,8
cv/index.html,33,html,c7875a86,Calvin,2026-04-02,16:10:44,-07:00,2026-04-02T16:10:44-07:00,2,8
cv/index.html,34,html,c7875a86,Calvin,2026-04-02,16:10:44,-07:00,2026-04-02T16:10:44-07:00,0,0
cv/index.html,35,html,c7875a86,Calvin,2026-04-02,16:10:44,-07:00,2026-04-02T16:10:44-07:00,2,7
cv/index.html,36,html,c7875a86,Calvin,2026-04-02,16:10:44,-07:00,2026-04-02T16:10:44-07:00,4,13
cv/index.html,37,html,c7875a86,Calvin,2026-04-02,16:10:44,-07:00,2026-04-02T16:10:44-07:00,4,2
cv/index.html,38,html,c7875a86,Calvin,2026-04-02,16:10:44,-07:00,2026-04-02T16:10:44-07:00,6,18
cv/index.html,39,html,c7875a86,Calvin,2026-04-02,16:10:44,-07:00,2026-04-02T16:10:44-07:00,4,3
cv/index.html,40,html,c7875a86,Calvin,2026-04-02,16:10:44,-07:00,2026-04-02T16:10:44-07:00,2,8
cv/index.html,41,html,c7875a86,Calvin,2026-04-02,16:10:44,-07:00,2026-04-02T16:10:44-07:00,0,0
cv/index.html,42,html,c7875a86,Calvin,2026-04-02,16:10:44,-07:00,2026-04-02T16:10:44-07:00,2,7
cv/index.html,43,html,c7875a86,Calvin,2026-04-02,16:10:44,-07:00,2026-04-02T16:10:44-07:00,4,14
cv/index.html,44,html,c7875a86,Calvin,2026-04-02,16:10:44,-07:00,2026-04-02T16:10:44-07:00,4,64
cv/index.html,45,html,c7875a86,Calvin,2026-04-02,16:10:44,-07:00,2026-04-02T16:10:44-07:00,4,90
cv/index.html,46,html,c7875a86,Calvin,2026-04-02,16:10:44,-07:00,2026-04-02T16:10:44-07:00,2,8
cv/index.html,47,html,c7875a86,Calvin,2026-04-02,16:10:44,-07:00,2026-04-02T16:10:44-07:00,0,5
cv/index.html,48,html,c7875a86,Calvin,2026-04-02,16:10:44,-07:00,2026-04-02T16:10:44-07:00,0,5
contact/index.html,1,html,09f9e3da,Calvin,2026-04-02,16:02:25,-07:00,2026-04-02T16:02:25-07:00,0,13
contact/index.html,2,html,09f9e3da,Calvin,2026-04-02,16:02:25,-07:00,2026-04-02T16:02:25-07:00,0,14
contact/index.html,3,html,09f9e3da,Calvin,2026-04-02,16:02:25,-07:00,2026-04-02T16:02:25-07:00,0,4
contact/index.html,4,html,09f9e3da,Calvin,2026-04-02,16:02:25,-07:00,2026-04-02T16:02:25-07:00,2,20
contact/index.html,5,html,c7875a86,Calvin,2026-04-02,16:10:44,-07:00,2026-04-02T16:10:44-07:00,2,68
contact/index.html,6,html,c7875a86,Calvin,2026-04-02,16:10:44,-07:00,2026-04-02T16:10:44-07:00,2,63
contact/index.html,7,html,09f9e3da,Calvin,2026-04-02,16:02:25,-07:00,2026-04-02T16:02:25-07:00,2,41
contact/index.html,8,html,5180c164,Calvin,2026-04-15,15:43:06,-07:00,2026-04-15T15:43:06-07:00,2,48
contact/index.html,9,html,09f9e3da,Calvin,2026-04-02,16:02:25,-07:00,2026-04-02T16:02:25-07:00,0,5
contact/index.html,10,html,09f9e3da,Calvin,2026-04-02,16:02:25,-07:00,2026-04-02T16:02:25-07:00,0,4
contact/index.html,11,html,5180c164,Calvin,2026-04-15,15:43:06,-07:00,2026-04-15T15:43:06-07:00,0,17
contact/index.html,12,html,c7875a86,Calvin,2026-04-02,16:10:44,-07:00,2026-04-02T16:10:44-07:00,0,0
contact/index.html,13,html,5180c164,Calvin,2026-04-15,15:43:06,-07:00,2026-04-15T15:43:06-07:00,2,49
contact/index.html,14,html,09f9e3da,Calvin,2026-04-02,16:02:25,-07:00,2026-04-02T16:02:25-07:00,4,5
contact/index.html,15,html,c7875a86,Calvin,2026-04-02,16:10:44,-07:00,2026-04-02T16:10:44-07:00,6,44
contact/index.html,16,html,09f9e3da,Calvin,2026-04-02,16:02:25,-07:00,2026-04-02T16:02:25-07:00,4,6
contact/index.html,17,html,c7875a86,Calvin,2026-04-02,16:10:44,-07:00,2026-04-02T16:10:44-07:00,0,0
contact/index.html,18,html,09f9e3da,Calvin,2026-04-02,16:02:25,-07:00,2026-04-02T16:02:25-07:00,4,5
contact/index.html,19,html,d0c38308,Calvin,2026-04-08,15:28:16,-07:00,2026-04-08T15:28:16-07:00,6,78
contact/index.html,20,html,09f9e3da,Calvin,2026-04-02,16:02:25,-07:00,2026-04-02T16:02:25-07:00,4,6
contact/index.html,21,html,09f9e3da,Calvin,2026-04-02,16:02:25,-07:00,2026-04-02T16:02:25-07:00,0,0
contact/index.html,22,html,09f9e3da,Calvin,2026-04-02,16:02:25,-07:00,2026-04-02T16:02:25-07:00,4,21
contact/index.html,23,html,09f9e3da,Calvin,2026-04-02,16:02:25,-07:00,2026-04-02T16:02:25-07:00,2,5
contact/index.html,24,html,09f9e3da,Calvin,2026-04-02,16:02:25,-07:00,2026-04-02T16:02:25-07:00,0,5
contact/index.html,25,html,c7875a86,Calvin,2026-04-02,16:10:44,-07:00,2026-04-02T16:10:44-07:00,0,5
